{"1":{"Id":1,"Name":"test","Password":"827ccb0eea8a706c4c34a16891f84e7b","Birthday":"0001-01-01T00:00:00Z","Tel":"test","Addr":"test","Desc":"test"},"2":{"Id":2,"Name":"test123","Password":"827ccb0eea8a706c4c34a16891f84e7b","Birthday":"0001-01-01T00:00:00Z","Tel":"test","Addr":"test","Desc":"test"},"3":{"Id":3,"Name":"test123456","Password":"827ccb0eea8a706c4c34a16891f84e7b","Birthday":"0001-01-01T00:00:00Z","Tel":"test","Addr":"test","Desc":"test"},"4":{"Id":4,"Name":"test","Password":"","Birthday":"0001-01-01T00:00:00Z","Tel":"","Addr":"","Desc":""},"5":{"Id":5,"Name":"test123123","Password":"123123123","Birthday":"2019-08-13T00:00:00Z","Tel":"123123123","Addr":"","Desc":"1231231231231"},"6":{"Id":6,"Name":"test1232","Password":"1231","Birthday":"2019-06-11T00:00:00Z","Tel":"1231231","Addr":"dsafsa","Desc":"3213213"},"7":{"Id":7,"Name":"a123123","Password":"b123123","Birthday":"2019-08-14T00:00:00Z","Tel":"c123123","Addr":"z123123","Desc":"d123123"},"8":{"Id":8,"Name":"kkkkk","Password":"c08ac56ae1145566f2ce54cbbea35fa3","Birthday":"0001-01-01T00:00:00Z","Tel":"","Addr":"","Desc":""}}